{ "frames": {
   "Effects 0.aseprite": {
    "frame": { "x": 0, "y": 0, "w": 96, "h": 84 },
    "rotated": false,
    "trimmed": false,
    "spriteSourceSize": { "x": 0, "y": 0, "w": 96, "h": 84 },
    "sourceSize": { "w": 96, "h": 84 },
    "duration": 100
   },
   "Effects 1.aseprite": {
    "frame": { "x": 96, "y": 0, "w": 96, "h": 84 },
    "rotated": false,
    "trimmed": false,
    "spriteSourceSize": { "x": 0, "y": 0, "w": 96, "h": 84 },
    "sourceSize": { "w": 96, "h": 84 },
    "duration": 100
   },
   "Effects 2.aseprite": {
    "frame": { "x": 192, "y": 0, "w": 96, "h": 84 },
    "rotated": false,
    "trimmed": false,
    "spriteSourceSize": { "x": 0, "y": 0, "w": 96, "h": 84 },
    "sourceSize": { "w": 96, "h": 84 },
    "duration": 100
   },
   "Effects 3.aseprite": {
    "frame": { "x": 288, "y": 0, "w": 96, "h": 84 },
    "rotated": false,
    "trimmed": false,
    "spriteSourceSize": { "x": 0, "y": 0, "w": 96, "h": 84 },
    "sourceSize": { "w": 96, "h": 84 },
    "duration": 100
   },
   "Effects 4.aseprite": {
    "frame": { "x": 384, "y": 0, "w": 96, "h": 84 },
    "rotated": false,
    "trimmed": false,
    "spriteSourceSize": { "x": 0, "y": 0, "w": 96, "h": 84 },
    "sourceSize": { "w": 96, "h": 84 },
    "duration": 100
   },
   "Effects 5.aseprite": {
    "frame": { "x": 480, "y": 0, "w": 96, "h": 84 },
    "rotated": false,
    "trimmed": false,
    "spriteSourceSize": { "x": 0, "y": 0, "w": 96, "h": 84 },
    "sourceSize": { "w": 96, "h": 84 },
    "duration": 100
   },
   "Effects 6.aseprite": {
    "frame": { "x": 576, "y": 0, "w": 96, "h": 84 },
    "rotated": false,
    "trimmed": false,
    "spriteSourceSize": { "x": 0, "y": 0, "w": 96, "h": 84 },
    "sourceSize": { "w": 96, "h": 84 },
    "duration": 100
   },
   "Effects 7.aseprite": {
    "frame": { "x": 672, "y": 0, "w": 96, "h": 84 },
    "rotated": false,
    "trimmed": false,
    "spriteSourceSize": { "x": 0, "y": 0, "w": 96, "h": 84 },
    "sourceSize": { "w": 96, "h": 84 },
    "duration": 100
   },
   "Effects 8.aseprite": {
    "frame": { "x": 768, "y": 0, "w": 96, "h": 84 },
    "rotated": false,
    "trimmed": false,
    "spriteSourceSize": { "x": 0, "y": 0, "w": 96, "h": 84 },
    "sourceSize": { "w": 96, "h": 84 },
    "duration": 100
   },
   "Effects 9.aseprite": {
    "frame": { "x": 0, "y": 84, "w": 96, "h": 84 },
    "rotated": false,
    "trimmed": false,
    "spriteSourceSize": { "x": 0, "y": 0, "w": 96, "h": 84 },
    "sourceSize": { "w": 96, "h": 84 },
    "duration": 100
   },
   "Effects 10.aseprite": {
    "frame": { "x": 96, "y": 84, "w": 96, "h": 84 },
    "rotated": false,
    "trimmed": false,
    "spriteSourceSize": { "x": 0, "y": 0, "w": 96, "h": 84 },
    "sourceSize": { "w": 96, "h": 84 },
    "duration": 100
   },
   "Effects 11.aseprite": {
    "frame": { "x": 192, "y": 84, "w": 96, "h": 84 },
    "rotated": false,
    "trimmed": false,
    "spriteSourceSize": { "x": 0, "y": 0, "w": 96, "h": 84 },
    "sourceSize": { "w": 96, "h": 84 },
    "duration": 100
   },
   "Effects 12.aseprite": {
    "frame": { "x": 288, "y": 84, "w": 96, "h": 84 },
    "rotated": false,
    "trimmed": false,
    "spriteSourceSize": { "x": 0, "y": 0, "w": 96, "h": 84 },
    "sourceSize": { "w": 96, "h": 84 },
    "duration": 100
   },
   "Effects 13.aseprite": {
    "frame": { "x": 384, "y": 84, "w": 96, "h": 84 },
    "rotated": false,
    "trimmed": false,
    "spriteSourceSize": { "x": 0, "y": 0, "w": 96, "h": 84 },
    "sourceSize": { "w": 96, "h": 84 },
    "duration": 100
   },
   "Effects 14.aseprite": {
    "frame": { "x": 480, "y": 84, "w": 96, "h": 84 },
    "rotated": false,
    "trimmed": false,
    "spriteSourceSize": { "x": 0, "y": 0, "w": 96, "h": 84 },
    "sourceSize": { "w": 96, "h": 84 },
    "duration": 100
   },
   "Effects 15.aseprite": {
    "frame": { "x": 576, "y": 84, "w": 96, "h": 84 },
    "rotated": false,
    "trimmed": false,
    "spriteSourceSize": { "x": 0, "y": 0, "w": 96, "h": 84 },
    "sourceSize": { "w": 96, "h": 84 },
    "duration": 100
   },
   "Effects 16.aseprite": {
    "frame": { "x": 672, "y": 84, "w": 96, "h": 84 },
    "rotated": false,
    "trimmed": false,
    "spriteSourceSize": { "x": 0, "y": 0, "w": 96, "h": 84 },
    "sourceSize": { "w": 96, "h": 84 },
    "duration": 100
   },
   "Effects 17.aseprite": {
    "frame": { "x": 768, "y": 84, "w": 96, "h": 84 },
    "rotated": false,
    "trimmed": false,
    "spriteSourceSize": { "x": 0, "y": 0, "w": 96, "h": 84 },
    "sourceSize": { "w": 96, "h": 84 },
    "duration": 100
   },
   "Effects 18.aseprite": {
    "frame": { "x": 0, "y": 168, "w": 96, "h": 84 },
    "rotated": false,
    "trimmed": false,
    "spriteSourceSize": { "x": 0, "y": 0, "w": 96, "h": 84 },
    "sourceSize": { "w": 96, "h": 84 },
    "duration": 100
   },
   "Effects 19.aseprite": {
    "frame": { "x": 96, "y": 168, "w": 96, "h": 84 },
    "rotated": false,
    "trimmed": false,
    "spriteSourceSize": { "x": 0, "y": 0, "w": 96, "h": 84 },
    "sourceSize": { "w": 96, "h": 84 },
    "duration": 100
   },
   "Effects 20.aseprite": {
    "frame": { "x": 192, "y": 168, "w": 96, "h": 84 },
    "rotated": false,
    "trimmed": false,
    "spriteSourceSize": { "x": 0, "y": 0, "w": 96, "h": 84 },
    "sourceSize": { "w": 96, "h": 84 },
    "duration": 100
   },
   "Effects 21.aseprite": {
    "frame": { "x": 288, "y": 168, "w": 96, "h": 84 },
    "rotated": false,
    "trimmed": false,
    "spriteSourceSize": { "x": 0, "y": 0, "w": 96, "h": 84 },
    "sourceSize": { "w": 96, "h": 84 },
    "duration": 100
   },
   "Effects 22.aseprite": {
    "frame": { "x": 384, "y": 168, "w": 96, "h": 84 },
    "rotated": false,
    "trimmed": false,
    "spriteSourceSize": { "x": 0, "y": 0, "w": 96, "h": 84 },
    "sourceSize": { "w": 96, "h": 84 },
    "duration": 100
   },
   "Effects 23.aseprite": {
    "frame": { "x": 480, "y": 168, "w": 96, "h": 84 },
    "rotated": false,
    "trimmed": false,
    "spriteSourceSize": { "x": 0, "y": 0, "w": 96, "h": 84 },
    "sourceSize": { "w": 96, "h": 84 },
    "duration": 100
   },
   "Effects 24.aseprite": {
    "frame": { "x": 576, "y": 168, "w": 96, "h": 84 },
    "rotated": false,
    "trimmed": false,
    "spriteSourceSize": { "x": 0, "y": 0, "w": 96, "h": 84 },
    "sourceSize": { "w": 96, "h": 84 },
    "duration": 100
   },
   "Effects 25.aseprite": {
    "frame": { "x": 0, "y": 252, "w": 96, "h": 84 },
    "rotated": false,
    "trimmed": false,
    "spriteSourceSize": { "x": 0, "y": 0, "w": 96, "h": 84 },
    "sourceSize": { "w": 96, "h": 84 },
    "duration": 100
   },
   "Effects 26.aseprite": {
    "frame": { "x": 96, "y": 252, "w": 96, "h": 84 },
    "rotated": false,
    "trimmed": false,
    "spriteSourceSize": { "x": 0, "y": 0, "w": 96, "h": 84 },
    "sourceSize": { "w": 96, "h": 84 },
    "duration": 100
   },
   "Effects 27.aseprite": {
    "frame": { "x": 192, "y": 252, "w": 96, "h": 84 },
    "rotated": false,
    "trimmed": false,
    "spriteSourceSize": { "x": 0, "y": 0, "w": 96, "h": 84 },
    "sourceSize": { "w": 96, "h": 84 },
    "duration": 100
   },
   "Effects 28.aseprite": {
    "frame": { "x": 288, "y": 252, "w": 96, "h": 84 },
    "rotated": false,
    "trimmed": false,
    "spriteSourceSize": { "x": 0, "y": 0, "w": 96, "h": 84 },
    "sourceSize": { "w": 96, "h": 84 },
    "duration": 100
   },
   "Effects 29.aseprite": {
    "frame": { "x": 384, "y": 252, "w": 96, "h": 84 },
    "rotated": false,
    "trimmed": false,
    "spriteSourceSize": { "x": 0, "y": 0, "w": 96, "h": 84 },
    "sourceSize": { "w": 96, "h": 84 },
    "duration": 100
   },
   "Effects 30.aseprite": {
    "frame": { "x": 480, "y": 252, "w": 96, "h": 84 },
    "rotated": false,
    "trimmed": false,
    "spriteSourceSize": { "x": 0, "y": 0, "w": 96, "h": 84 },
    "sourceSize": { "w": 96, "h": 84 },
    "duration": 100
   },
   "Effects 31.aseprite": {
    "frame": { "x": 576, "y": 252, "w": 96, "h": 84 },
    "rotated": false,
    "trimmed": false,
    "spriteSourceSize": { "x": 0, "y": 0, "w": 96, "h": 84 },
    "sourceSize": { "w": 96, "h": 84 },
    "duration": 100
   },
   "Effects 32.aseprite": {
    "frame": { "x": 672, "y": 252, "w": 96, "h": 84 },
    "rotated": false,
    "trimmed": false,
    "spriteSourceSize": { "x": 0, "y": 0, "w": 96, "h": 84 },
    "sourceSize": { "w": 96, "h": 84 },
    "duration": 100
   },
   "Effects 33.aseprite": {
    "frame": { "x": 0, "y": 336, "w": 96, "h": 84 },
    "rotated": false,
    "trimmed": false,
    "spriteSourceSize": { "x": 0, "y": 0, "w": 96, "h": 84 },
    "sourceSize": { "w": 96, "h": 84 },
    "duration": 100
   },
   "Effects 34.aseprite": {
    "frame": { "x": 96, "y": 336, "w": 96, "h": 84 },
    "rotated": false,
    "trimmed": false,
    "spriteSourceSize": { "x": 0, "y": 0, "w": 96, "h": 84 },
    "sourceSize": { "w": 96, "h": 84 },
    "duration": 100
   },
   "Effects 35.aseprite": {
    "frame": { "x": 192, "y": 336, "w": 96, "h": 84 },
    "rotated": false,
    "trimmed": false,
    "spriteSourceSize": { "x": 0, "y": 0, "w": 96, "h": 84 },
    "sourceSize": { "w": 96, "h": 84 },
    "duration": 100
   },
   "Effects 36.aseprite": {
    "frame": { "x": 288, "y": 336, "w": 96, "h": 84 },
    "rotated": false,
    "trimmed": false,
    "spriteSourceSize": { "x": 0, "y": 0, "w": 96, "h": 84 },
    "sourceSize": { "w": 96, "h": 84 },
    "duration": 100
   },
   "Effects 37.aseprite": {
    "frame": { "x": 384, "y": 336, "w": 96, "h": 84 },
    "rotated": false,
    "trimmed": false,
    "spriteSourceSize": { "x": 0, "y": 0, "w": 96, "h": 84 },
    "sourceSize": { "w": 96, "h": 84 },
    "duration": 100
   },
   "Effects 38.aseprite": {
    "frame": { "x": 480, "y": 336, "w": 96, "h": 84 },
    "rotated": false,
    "trimmed": false,
    "spriteSourceSize": { "x": 0, "y": 0, "w": 96, "h": 84 },
    "sourceSize": { "w": 96, "h": 84 },
    "duration": 100
   },
   "Effects 39.aseprite": {
    "frame": { "x": 576, "y": 336, "w": 96, "h": 84 },
    "rotated": false,
    "trimmed": false,
    "spriteSourceSize": { "x": 0, "y": 0, "w": 96, "h": 84 },
    "sourceSize": { "w": 96, "h": 84 },
    "duration": 100
   },
   "Effects 40.aseprite": {
    "frame": { "x": 672, "y": 336, "w": 96, "h": 84 },
    "rotated": false,
    "trimmed": false,
    "spriteSourceSize": { "x": 0, "y": 0, "w": 96, "h": 84 },
    "sourceSize": { "w": 96, "h": 84 },
    "duration": 100
   },
   "Effects 41.aseprite": {
    "frame": { "x": 0, "y": 420, "w": 96, "h": 84 },
    "rotated": false,
    "trimmed": false,
    "spriteSourceSize": { "x": 0, "y": 0, "w": 96, "h": 84 },
    "sourceSize": { "w": 96, "h": 84 },
    "duration": 100
   },
   "Effects 42.aseprite": {
    "frame": { "x": 96, "y": 420, "w": 96, "h": 84 },
    "rotated": false,
    "trimmed": false,
    "spriteSourceSize": { "x": 0, "y": 0, "w": 96, "h": 84 },
    "sourceSize": { "w": 96, "h": 84 },
    "duration": 100
   },
   "Effects 43.aseprite": {
    "frame": { "x": 192, "y": 420, "w": 96, "h": 84 },
    "rotated": false,
    "trimmed": false,
    "spriteSourceSize": { "x": 0, "y": 0, "w": 96, "h": 84 },
    "sourceSize": { "w": 96, "h": 84 },
    "duration": 100
   },
   "Effects 44.aseprite": {
    "frame": { "x": 288, "y": 420, "w": 96, "h": 84 },
    "rotated": false,
    "trimmed": false,
    "spriteSourceSize": { "x": 0, "y": 0, "w": 96, "h": 84 },
    "sourceSize": { "w": 96, "h": 84 },
    "duration": 100
   },
   "Effects 45.aseprite": {
    "frame": { "x": 384, "y": 420, "w": 96, "h": 84 },
    "rotated": false,
    "trimmed": false,
    "spriteSourceSize": { "x": 0, "y": 0, "w": 96, "h": 84 },
    "sourceSize": { "w": 96, "h": 84 },
    "duration": 100
   },
   "Effects 46.aseprite": {
    "frame": { "x": 480, "y": 420, "w": 96, "h": 84 },
    "rotated": false,
    "trimmed": false,
    "spriteSourceSize": { "x": 0, "y": 0, "w": 96, "h": 84 },
    "sourceSize": { "w": 96, "h": 84 },
    "duration": 100
   },
   "Effects 47.aseprite": {
    "frame": { "x": 576, "y": 420, "w": 96, "h": 84 },
    "rotated": false,
    "trimmed": false,
    "spriteSourceSize": { "x": 0, "y": 0, "w": 96, "h": 84 },
    "sourceSize": { "w": 96, "h": 84 },
    "duration": 100
   },
   "Effects 48.aseprite": {
    "frame": { "x": 672, "y": 420, "w": 96, "h": 84 },
    "rotated": false,
    "trimmed": false,
    "spriteSourceSize": { "x": 0, "y": 0, "w": 96, "h": 84 },
    "sourceSize": { "w": 96, "h": 84 },
    "duration": 100
   },
   "Effects 49.aseprite": {
    "frame": { "x": 0, "y": 504, "w": 96, "h": 84 },
    "rotated": false,
    "trimmed": false,
    "spriteSourceSize": { "x": 0, "y": 0, "w": 96, "h": 84 },
    "sourceSize": { "w": 96, "h": 84 },
    "duration": 100
   },
   "Effects 50.aseprite": {
    "frame": { "x": 96, "y": 504, "w": 96, "h": 84 },
    "rotated": false,
    "trimmed": false,
    "spriteSourceSize": { "x": 0, "y": 0, "w": 96, "h": 84 },
    "sourceSize": { "w": 96, "h": 84 },
    "duration": 100
   },
   "Effects 51.aseprite": {
    "frame": { "x": 192, "y": 504, "w": 96, "h": 84 },
    "rotated": false,
    "trimmed": false,
    "spriteSourceSize": { "x": 0, "y": 0, "w": 96, "h": 84 },
    "sourceSize": { "w": 96, "h": 84 },
    "duration": 100
   },
   "Effects 52.aseprite": {
    "frame": { "x": 288, "y": 504, "w": 96, "h": 84 },
    "rotated": false,
    "trimmed": false,
    "spriteSourceSize": { "x": 0, "y": 0, "w": 96, "h": 84 },
    "sourceSize": { "w": 96, "h": 84 },
    "duration": 100
   },
   "Effects 53.aseprite": {
    "frame": { "x": 384, "y": 504, "w": 96, "h": 84 },
    "rotated": false,
    "trimmed": false,
    "spriteSourceSize": { "x": 0, "y": 0, "w": 96, "h": 84 },
    "sourceSize": { "w": 96, "h": 84 },
    "duration": 100
   },
   "Effects 54.aseprite": {
    "frame": { "x": 480, "y": 504, "w": 96, "h": 84 },
    "rotated": false,
    "trimmed": false,
    "spriteSourceSize": { "x": 0, "y": 0, "w": 96, "h": 84 },
    "sourceSize": { "w": 96, "h": 84 },
    "duration": 100
   },
   "Effects 55.aseprite": {
    "frame": { "x": 576, "y": 504, "w": 96, "h": 84 },
    "rotated": false,
    "trimmed": false,
    "spriteSourceSize": { "x": 0, "y": 0, "w": 96, "h": 84 },
    "sourceSize": { "w": 96, "h": 84 },
    "duration": 100
   },
   "Effects 56.aseprite": {
    "frame": { "x": 672, "y": 504, "w": 96, "h": 84 },
    "rotated": false,
    "trimmed": false,
    "spriteSourceSize": { "x": 0, "y": 0, "w": 96, "h": 84 },
    "sourceSize": { "w": 96, "h": 84 },
    "duration": 100
   },
   "Effects 57.aseprite": {
    "frame": { "x": 0, "y": 588, "w": 96, "h": 84 },
    "rotated": false,
    "trimmed": false,
    "spriteSourceSize": { "x": 0, "y": 0, "w": 96, "h": 84 },
    "sourceSize": { "w": 96, "h": 84 },
    "duration": 100
   },
   "Effects 58.aseprite": {
    "frame": { "x": 96, "y": 588, "w": 96, "h": 84 },
    "rotated": false,
    "trimmed": false,
    "spriteSourceSize": { "x": 0, "y": 0, "w": 96, "h": 84 },
    "sourceSize": { "w": 96, "h": 84 },
    "duration": 100
   },
   "Effects 59.aseprite": {
    "frame": { "x": 192, "y": 588, "w": 96, "h": 84 },
    "rotated": false,
    "trimmed": false,
    "spriteSourceSize": { "x": 0, "y": 0, "w": 96, "h": 84 },
    "sourceSize": { "w": 96, "h": 84 },
    "duration": 100
   },
   "Effects 60.aseprite": {
    "frame": { "x": 288, "y": 588, "w": 96, "h": 84 },
    "rotated": false,
    "trimmed": false,
    "spriteSourceSize": { "x": 0, "y": 0, "w": 96, "h": 84 },
    "sourceSize": { "w": 96, "h": 84 },
    "duration": 100
   },
   "Effects 61.aseprite": {
    "frame": { "x": 384, "y": 588, "w": 96, "h": 84 },
    "rotated": false,
    "trimmed": false,
    "spriteSourceSize": { "x": 0, "y": 0, "w": 96, "h": 84 },
    "sourceSize": { "w": 96, "h": 84 },
    "duration": 100
   },
   "Effects 62.aseprite": {
    "frame": { "x": 480, "y": 588, "w": 96, "h": 84 },
    "rotated": false,
    "trimmed": false,
    "spriteSourceSize": { "x": 0, "y": 0, "w": 96, "h": 84 },
    "sourceSize": { "w": 96, "h": 84 },
    "duration": 100
   },
   "Effects 63.aseprite": {
    "frame": { "x": 576, "y": 588, "w": 96, "h": 84 },
    "rotated": false,
    "trimmed": false,
    "spriteSourceSize": { "x": 0, "y": 0, "w": 96, "h": 84 },
    "sourceSize": { "w": 96, "h": 84 },
    "duration": 100
   },
   "Effects 64.aseprite": {
    "frame": { "x": 0, "y": 672, "w": 96, "h": 84 },
    "rotated": false,
    "trimmed": false,
    "spriteSourceSize": { "x": 0, "y": 0, "w": 96, "h": 84 },
    "sourceSize": { "w": 96, "h": 84 },
    "duration": 100
   },
   "Effects 65.aseprite": {
    "frame": { "x": 96, "y": 672, "w": 96, "h": 84 },
    "rotated": false,
    "trimmed": false,
    "spriteSourceSize": { "x": 0, "y": 0, "w": 96, "h": 84 },
    "sourceSize": { "w": 96, "h": 84 },
    "duration": 100
   },
   "Effects 66.aseprite": {
    "frame": { "x": 192, "y": 672, "w": 96, "h": 84 },
    "rotated": false,
    "trimmed": false,
    "spriteSourceSize": { "x": 0, "y": 0, "w": 96, "h": 84 },
    "sourceSize": { "w": 96, "h": 84 },
    "duration": 100
   },
   "Effects 67.aseprite": {
    "frame": { "x": 288, "y": 672, "w": 96, "h": 84 },
    "rotated": false,
    "trimmed": false,
    "spriteSourceSize": { "x": 0, "y": 0, "w": 96, "h": 84 },
    "sourceSize": { "w": 96, "h": 84 },
    "duration": 100
   },
   "Effects 68.aseprite": {
    "frame": { "x": 384, "y": 672, "w": 96, "h": 84 },
    "rotated": false,
    "trimmed": false,
    "spriteSourceSize": { "x": 0, "y": 0, "w": 96, "h": 84 },
    "sourceSize": { "w": 96, "h": 84 },
    "duration": 100
   },
   "Effects 69.aseprite": {
    "frame": { "x": 480, "y": 672, "w": 96, "h": 84 },
    "rotated": false,
    "trimmed": false,
    "spriteSourceSize": { "x": 0, "y": 0, "w": 96, "h": 84 },
    "sourceSize": { "w": 96, "h": 84 },
    "duration": 100
   },
   "Effects 70.aseprite": {
    "frame": { "x": 0, "y": 756, "w": 96, "h": 84 },
    "rotated": false,
    "trimmed": false,
    "spriteSourceSize": { "x": 0, "y": 0, "w": 96, "h": 84 },
    "sourceSize": { "w": 96, "h": 84 },
    "duration": 100
   },
   "Effects 71.aseprite": {
    "frame": { "x": 96, "y": 756, "w": 96, "h": 84 },
    "rotated": false,
    "trimmed": false,
    "spriteSourceSize": { "x": 0, "y": 0, "w": 96, "h": 84 },
    "sourceSize": { "w": 96, "h": 84 },
    "duration": 100
   },
   "Effects 72.aseprite": {
    "frame": { "x": 192, "y": 756, "w": 96, "h": 84 },
    "rotated": false,
    "trimmed": false,
    "spriteSourceSize": { "x": 0, "y": 0, "w": 96, "h": 84 },
    "sourceSize": { "w": 96, "h": 84 },
    "duration": 100
   },
   "Effects 73.aseprite": {
    "frame": { "x": 288, "y": 756, "w": 96, "h": 84 },
    "rotated": false,
    "trimmed": false,
    "spriteSourceSize": { "x": 0, "y": 0, "w": 96, "h": 84 },
    "sourceSize": { "w": 96, "h": 84 },
    "duration": 100
   },
   "Effects 74.aseprite": {
    "frame": { "x": 384, "y": 756, "w": 96, "h": 84 },
    "rotated": false,
    "trimmed": false,
    "spriteSourceSize": { "x": 0, "y": 0, "w": 96, "h": 84 },
    "sourceSize": { "w": 96, "h": 84 },
    "duration": 100
   },
   "Effects 75.aseprite": {
    "frame": { "x": 480, "y": 756, "w": 96, "h": 84 },
    "rotated": false,
    "trimmed": false,
    "spriteSourceSize": { "x": 0, "y": 0, "w": 96, "h": 84 },
    "sourceSize": { "w": 96, "h": 84 },
    "duration": 100
   },
   "Effects 76.aseprite": {
    "frame": { "x": 576, "y": 756, "w": 96, "h": 84 },
    "rotated": false,
    "trimmed": false,
    "spriteSourceSize": { "x": 0, "y": 0, "w": 96, "h": 84 },
    "sourceSize": { "w": 96, "h": 84 },
    "duration": 100
   },
   "Effects 77.aseprite": {
    "frame": { "x": 0, "y": 840, "w": 96, "h": 84 },
    "rotated": false,
    "trimmed": false,
    "spriteSourceSize": { "x": 0, "y": 0, "w": 96, "h": 84 },
    "sourceSize": { "w": 96, "h": 84 },
    "duration": 100
   },
   "Effects 78.aseprite": {
    "frame": { "x": 96, "y": 840, "w": 96, "h": 84 },
    "rotated": false,
    "trimmed": false,
    "spriteSourceSize": { "x": 0, "y": 0, "w": 96, "h": 84 },
    "sourceSize": { "w": 96, "h": 84 },
    "duration": 100
   },
   "Effects 79.aseprite": {
    "frame": { "x": 192, "y": 840, "w": 96, "h": 84 },
    "rotated": false,
    "trimmed": false,
    "spriteSourceSize": { "x": 0, "y": 0, "w": 96, "h": 84 },
    "sourceSize": { "w": 96, "h": 84 },
    "duration": 100
   },
   "Effects 80.aseprite": {
    "frame": { "x": 288, "y": 840, "w": 96, "h": 84 },
    "rotated": false,
    "trimmed": false,
    "spriteSourceSize": { "x": 0, "y": 0, "w": 96, "h": 84 },
    "sourceSize": { "w": 96, "h": 84 },
    "duration": 100
   },
   "Effects 81.aseprite": {
    "frame": { "x": 384, "y": 840, "w": 96, "h": 84 },
    "rotated": false,
    "trimmed": false,
    "spriteSourceSize": { "x": 0, "y": 0, "w": 96, "h": 84 },
    "sourceSize": { "w": 96, "h": 84 },
    "duration": 100
   },
   "Effects 82.aseprite": {
    "frame": { "x": 0, "y": 924, "w": 96, "h": 84 },
    "rotated": false,
    "trimmed": false,
    "spriteSourceSize": { "x": 0, "y": 0, "w": 96, "h": 84 },
    "sourceSize": { "w": 96, "h": 84 },
    "duration": 100
   },
   "Effects 83.aseprite": {
    "frame": { "x": 96, "y": 924, "w": 96, "h": 84 },
    "rotated": false,
    "trimmed": false,
    "spriteSourceSize": { "x": 0, "y": 0, "w": 96, "h": 84 },
    "sourceSize": { "w": 96, "h": 84 },
    "duration": 100
   },
   "Effects 84.aseprite": {
    "frame": { "x": 192, "y": 924, "w": 96, "h": 84 },
    "rotated": false,
    "trimmed": false,
    "spriteSourceSize": { "x": 0, "y": 0, "w": 96, "h": 84 },
    "sourceSize": { "w": 96, "h": 84 },
    "duration": 100
   },
   "Effects 85.aseprite": {
    "frame": { "x": 288, "y": 924, "w": 96, "h": 84 },
    "rotated": false,
    "trimmed": false,
    "spriteSourceSize": { "x": 0, "y": 0, "w": 96, "h": 84 },
    "sourceSize": { "w": 96, "h": 84 },
    "duration": 100
   },
   "Effects 86.aseprite": {
    "frame": { "x": 384, "y": 924, "w": 96, "h": 84 },
    "rotated": false,
    "trimmed": false,
    "spriteSourceSize": { "x": 0, "y": 0, "w": 96, "h": 84 },
    "sourceSize": { "w": 96, "h": 84 },
    "duration": 100
   },
   "Effects 87.aseprite": {
    "frame": { "x": 480, "y": 924, "w": 96, "h": 84 },
    "rotated": false,
    "trimmed": false,
    "spriteSourceSize": { "x": 0, "y": 0, "w": 96, "h": 84 },
    "sourceSize": { "w": 96, "h": 84 },
    "duration": 100
   },
   "Effects 88.aseprite": {
    "frame": { "x": 0, "y": 1008, "w": 96, "h": 84 },
    "rotated": false,
    "trimmed": false,
    "spriteSourceSize": { "x": 0, "y": 0, "w": 96, "h": 84 },
    "sourceSize": { "w": 96, "h": 84 },
    "duration": 100
   },
   "Effects 89.aseprite": {
    "frame": { "x": 96, "y": 1008, "w": 96, "h": 84 },
    "rotated": false,
    "trimmed": false,
    "spriteSourceSize": { "x": 0, "y": 0, "w": 96, "h": 84 },
    "sourceSize": { "w": 96, "h": 84 },
    "duration": 100
   },
   "Effects 90.aseprite": {
    "frame": { "x": 192, "y": 1008, "w": 96, "h": 84 },
    "rotated": false,
    "trimmed": false,
    "spriteSourceSize": { "x": 0, "y": 0, "w": 96, "h": 84 },
    "sourceSize": { "w": 96, "h": 84 },
    "duration": 100
   },
   "Effects 91.aseprite": {
    "frame": { "x": 288, "y": 1008, "w": 96, "h": 84 },
    "rotated": false,
    "trimmed": false,
    "spriteSourceSize": { "x": 0, "y": 0, "w": 96, "h": 84 },
    "sourceSize": { "w": 96, "h": 84 },
    "duration": 100
   },
   "Effects 92.aseprite": {
    "frame": { "x": 384, "y": 1008, "w": 96, "h": 84 },
    "rotated": false,
    "trimmed": false,
    "spriteSourceSize": { "x": 0, "y": 0, "w": 96, "h": 84 },
    "sourceSize": { "w": 96, "h": 84 },
    "duration": 100
   },
   "Effects 93.aseprite": {
    "frame": { "x": 480, "y": 1008, "w": 96, "h": 84 },
    "rotated": false,
    "trimmed": false,
    "spriteSourceSize": { "x": 0, "y": 0, "w": 96, "h": 84 },
    "sourceSize": { "w": 96, "h": 84 },
    "duration": 100
   },
   "Effects 94.aseprite": {
    "frame": { "x": 576, "y": 1008, "w": 96, "h": 84 },
    "rotated": false,
    "trimmed": false,
    "spriteSourceSize": { "x": 0, "y": 0, "w": 96, "h": 84 },
    "sourceSize": { "w": 96, "h": 84 },
    "duration": 100
   },
   "Effects 95.aseprite": {
    "frame": { "x": 0, "y": 1092, "w": 96, "h": 84 },
    "rotated": false,
    "trimmed": false,
    "spriteSourceSize": { "x": 0, "y": 0, "w": 96, "h": 84 },
    "sourceSize": { "w": 96, "h": 84 },
    "duration": 100
   },
   "Effects 96.aseprite": {
    "frame": { "x": 96, "y": 1092, "w": 96, "h": 84 },
    "rotated": false,
    "trimmed": false,
    "spriteSourceSize": { "x": 0, "y": 0, "w": 96, "h": 84 },
    "sourceSize": { "w": 96, "h": 84 },
    "duration": 100
   },
   "Effects 97.aseprite": {
    "frame": { "x": 192, "y": 1092, "w": 96, "h": 84 },
    "rotated": false,
    "trimmed": false,
    "spriteSourceSize": { "x": 0, "y": 0, "w": 96, "h": 84 },
    "sourceSize": { "w": 96, "h": 84 },
    "duration": 100
   },
   "Effects 98.aseprite": {
    "frame": { "x": 288, "y": 1092, "w": 96, "h": 84 },
    "rotated": false,
    "trimmed": false,
    "spriteSourceSize": { "x": 0, "y": 0, "w": 96, "h": 84 },
    "sourceSize": { "w": 96, "h": 84 },
    "duration": 100
   },
   "Effects 99.aseprite": {
    "frame": { "x": 384, "y": 1092, "w": 96, "h": 84 },
    "rotated": false,
    "trimmed": false,
    "spriteSourceSize": { "x": 0, "y": 0, "w": 96, "h": 84 },
    "sourceSize": { "w": 96, "h": 84 },
    "duration": 100
   },
   "Effects 100.aseprite": {
    "frame": { "x": 480, "y": 1092, "w": 96, "h": 84 },
    "rotated": false,
    "trimmed": false,
    "spriteSourceSize": { "x": 0, "y": 0, "w": 96, "h": 84 },
    "sourceSize": { "w": 96, "h": 84 },
    "duration": 100
   },
   "Effects 101.aseprite": {
    "frame": { "x": 0, "y": 1176, "w": 96, "h": 84 },
    "rotated": false,
    "trimmed": false,
    "spriteSourceSize": { "x": 0, "y": 0, "w": 96, "h": 84 },
    "sourceSize": { "w": 96, "h": 84 },
    "duration": 100
   },
   "Effects 102.aseprite": {
    "frame": { "x": 96, "y": 1176, "w": 96, "h": 84 },
    "rotated": false,
    "trimmed": false,
    "spriteSourceSize": { "x": 0, "y": 0, "w": 96, "h": 84 },
    "sourceSize": { "w": 96, "h": 84 },
    "duration": 100
   },
   "Effects 103.aseprite": {
    "frame": { "x": 192, "y": 1176, "w": 96, "h": 84 },
    "rotated": false,
    "trimmed": false,
    "spriteSourceSize": { "x": 0, "y": 0, "w": 96, "h": 84 },
    "sourceSize": { "w": 96, "h": 84 },
    "duration": 100
   },
   "Effects 104.aseprite": {
    "frame": { "x": 288, "y": 1176, "w": 96, "h": 84 },
    "rotated": false,
    "trimmed": false,
    "spriteSourceSize": { "x": 0, "y": 0, "w": 96, "h": 84 },
    "sourceSize": { "w": 96, "h": 84 },
    "duration": 100
   },
   "Effects 105.aseprite": {
    "frame": { "x": 384, "y": 1176, "w": 96, "h": 84 },
    "rotated": false,
    "trimmed": false,
    "spriteSourceSize": { "x": 0, "y": 0, "w": 96, "h": 84 },
    "sourceSize": { "w": 96, "h": 84 },
    "duration": 100
   },
   "Effects 106.aseprite": {
    "frame": { "x": 0, "y": 1260, "w": 96, "h": 84 },
    "rotated": false,
    "trimmed": false,
    "spriteSourceSize": { "x": 0, "y": 0, "w": 96, "h": 84 },
    "sourceSize": { "w": 96, "h": 84 },
    "duration": 100
   },
   "Effects 107.aseprite": {
    "frame": { "x": 96, "y": 1260, "w": 96, "h": 84 },
    "rotated": false,
    "trimmed": false,
    "spriteSourceSize": { "x": 0, "y": 0, "w": 96, "h": 84 },
    "sourceSize": { "w": 96, "h": 84 },
    "duration": 100
   },
   "Effects 108.aseprite": {
    "frame": { "x": 192, "y": 1260, "w": 96, "h": 84 },
    "rotated": false,
    "trimmed": false,
    "spriteSourceSize": { "x": 0, "y": 0, "w": 96, "h": 84 },
    "sourceSize": { "w": 96, "h": 84 },
    "duration": 100
   },
   "Effects 109.aseprite": {
    "frame": { "x": 288, "y": 1260, "w": 96, "h": 84 },
    "rotated": false,
    "trimmed": false,
    "spriteSourceSize": { "x": 0, "y": 0, "w": 96, "h": 84 },
    "sourceSize": { "w": 96, "h": 84 },
    "duration": 100
   },
   "Effects 110.aseprite": {
    "frame": { "x": 384, "y": 1260, "w": 96, "h": 84 },
    "rotated": false,
    "trimmed": false,
    "spriteSourceSize": { "x": 0, "y": 0, "w": 96, "h": 84 },
    "sourceSize": { "w": 96, "h": 84 },
    "duration": 100
   },
   "Effects 111.aseprite": {
    "frame": { "x": 480, "y": 1260, "w": 96, "h": 84 },
    "rotated": false,
    "trimmed": false,
    "spriteSourceSize": { "x": 0, "y": 0, "w": 96, "h": 84 },
    "sourceSize": { "w": 96, "h": 84 },
    "duration": 100
   }
 },
 "meta": {
  "app": "https://www.aseprite.org/",
  "version": "1.3.7-x64",
  "image": "FXSheet.png",
  "format": "RGBA8888",
  "size": { "w": 864, "h": 1344 },
  "scale": "1"
 }
}
