{ "frames": {
   "PlayerFishing 0.aseprite": {
    "frame": { "x": 0, "y": 0, "w": 143, "h": 104 },
    "rotated": false,
    "trimmed": false,
    "spriteSourceSize": { "x": 0, "y": 0, "w": 143, "h": 104 },
    "sourceSize": { "w": 143, "h": 104 },
    "duration": 100
   },
   "PlayerFishing 1.aseprite": {
    "frame": { "x": 143, "y": 0, "w": 143, "h": 104 },
    "rotated": false,
    "trimmed": false,
    "spriteSourceSize": { "x": 0, "y": 0, "w": 143, "h": 104 },
    "sourceSize": { "w": 143, "h": 104 },
    "duration": 100
   },
   "PlayerFishing 2.aseprite": {
    "frame": { "x": 286, "y": 0, "w": 143, "h": 104 },
    "rotated": false,
    "trimmed": false,
    "spriteSourceSize": { "x": 0, "y": 0, "w": 143, "h": 104 },
    "sourceSize": { "w": 143, "h": 104 },
    "duration": 60
   },
   "PlayerFishing 3.aseprite": {
    "frame": { "x": 0, "y": 104, "w": 143, "h": 104 },
    "rotated": false,
    "trimmed": false,
    "spriteSourceSize": { "x": 0, "y": 0, "w": 143, "h": 104 },
    "sourceSize": { "w": 143, "h": 104 },
    "duration": 70
   },
   "PlayerFishing 4.aseprite": {
    "frame": { "x": 143, "y": 104, "w": 143, "h": 104 },
    "rotated": false,
    "trimmed": false,
    "spriteSourceSize": { "x": 0, "y": 0, "w": 143, "h": 104 },
    "sourceSize": { "w": 143, "h": 104 },
    "duration": 70
   },
   "PlayerFishing 5.aseprite": {
    "frame": { "x": 0, "y": 208, "w": 143, "h": 104 },
    "rotated": false,
    "trimmed": false,
    "spriteSourceSize": { "x": 0, "y": 0, "w": 143, "h": 104 },
    "sourceSize": { "w": 143, "h": 104 },
    "duration": 70
   },
   "PlayerFishing 6.aseprite": {
    "frame": { "x": 143, "y": 208, "w": 143, "h": 104 },
    "rotated": false,
    "trimmed": false,
    "spriteSourceSize": { "x": 0, "y": 0, "w": 143, "h": 104 },
    "sourceSize": { "w": 143, "h": 104 },
    "duration": 100
   },
   "PlayerFishing 7.aseprite": {
    "frame": { "x": 286, "y": 208, "w": 143, "h": 104 },
    "rotated": false,
    "trimmed": false,
    "spriteSourceSize": { "x": 0, "y": 0, "w": 143, "h": 104 },
    "sourceSize": { "w": 143, "h": 104 },
    "duration": 100
   },
   "PlayerFishing 8.aseprite": {
    "frame": { "x": 429, "y": 208, "w": 143, "h": 104 },
    "rotated": false,
    "trimmed": false,
    "spriteSourceSize": { "x": 0, "y": 0, "w": 143, "h": 104 },
    "sourceSize": { "w": 143, "h": 104 },
    "duration": 100
   },
   "PlayerFishing 9.aseprite": {
    "frame": { "x": 0, "y": 312, "w": 143, "h": 104 },
    "rotated": false,
    "trimmed": false,
    "spriteSourceSize": { "x": 0, "y": 0, "w": 143, "h": 104 },
    "sourceSize": { "w": 143, "h": 104 },
    "duration": 100
   },
   "PlayerFishing 10.aseprite": {
    "frame": { "x": 143, "y": 312, "w": 143, "h": 104 },
    "rotated": false,
    "trimmed": false,
    "spriteSourceSize": { "x": 0, "y": 0, "w": 143, "h": 104 },
    "sourceSize": { "w": 143, "h": 104 },
    "duration": 100
   },
   "PlayerFishing 11.aseprite": {
    "frame": { "x": 286, "y": 312, "w": 143, "h": 104 },
    "rotated": false,
    "trimmed": false,
    "spriteSourceSize": { "x": 0, "y": 0, "w": 143, "h": 104 },
    "sourceSize": { "w": 143, "h": 104 },
    "duration": 100
   },
   "PlayerFishing 12.aseprite": {
    "frame": { "x": 429, "y": 312, "w": 143, "h": 104 },
    "rotated": false,
    "trimmed": false,
    "spriteSourceSize": { "x": 0, "y": 0, "w": 143, "h": 104 },
    "sourceSize": { "w": 143, "h": 104 },
    "duration": 100
   },
   "PlayerFishing 13.aseprite": {
    "frame": { "x": 572, "y": 312, "w": 143, "h": 104 },
    "rotated": false,
    "trimmed": false,
    "spriteSourceSize": { "x": 0, "y": 0, "w": 143, "h": 104 },
    "sourceSize": { "w": 143, "h": 104 },
    "duration": 100
   },
   "PlayerFishing 14.aseprite": {
    "frame": { "x": 715, "y": 312, "w": 143, "h": 104 },
    "rotated": false,
    "trimmed": false,
    "spriteSourceSize": { "x": 0, "y": 0, "w": 143, "h": 104 },
    "sourceSize": { "w": 143, "h": 104 },
    "duration": 100
   },
   "PlayerFishing 15.aseprite": {
    "frame": { "x": 858, "y": 312, "w": 143, "h": 104 },
    "rotated": false,
    "trimmed": false,
    "spriteSourceSize": { "x": 0, "y": 0, "w": 143, "h": 104 },
    "sourceSize": { "w": 143, "h": 104 },
    "duration": 100
   },
   "PlayerFishing 16.aseprite": {
    "frame": { "x": 0, "y": 416, "w": 143, "h": 104 },
    "rotated": false,
    "trimmed": false,
    "spriteSourceSize": { "x": 0, "y": 0, "w": 143, "h": 104 },
    "sourceSize": { "w": 143, "h": 104 },
    "duration": 70
   },
   "PlayerFishing 17.aseprite": {
    "frame": { "x": 143, "y": 416, "w": 143, "h": 104 },
    "rotated": false,
    "trimmed": false,
    "spriteSourceSize": { "x": 0, "y": 0, "w": 143, "h": 104 },
    "sourceSize": { "w": 143, "h": 104 },
    "duration": 70
   },
   "PlayerFishing 18.aseprite": {
    "frame": { "x": 286, "y": 416, "w": 143, "h": 104 },
    "rotated": false,
    "trimmed": false,
    "spriteSourceSize": { "x": 0, "y": 0, "w": 143, "h": 104 },
    "sourceSize": { "w": 143, "h": 104 },
    "duration": 70
   },
   "PlayerFishing 19.aseprite": {
    "frame": { "x": 429, "y": 416, "w": 143, "h": 104 },
    "rotated": false,
    "trimmed": false,
    "spriteSourceSize": { "x": 0, "y": 0, "w": 143, "h": 104 },
    "sourceSize": { "w": 143, "h": 104 },
    "duration": 70
   },
   "PlayerFishing 20.aseprite": {
    "frame": { "x": 0, "y": 520, "w": 143, "h": 104 },
    "rotated": false,
    "trimmed": false,
    "spriteSourceSize": { "x": 0, "y": 0, "w": 143, "h": 104 },
    "sourceSize": { "w": 143, "h": 104 },
    "duration": 60
   },
   "PlayerFishing 21.aseprite": {
    "frame": { "x": 143, "y": 520, "w": 143, "h": 104 },
    "rotated": false,
    "trimmed": false,
    "spriteSourceSize": { "x": 0, "y": 0, "w": 143, "h": 104 },
    "sourceSize": { "w": 143, "h": 104 },
    "duration": 60
   },
   "PlayerFishing 22.aseprite": {
    "frame": { "x": 286, "y": 520, "w": 143, "h": 104 },
    "rotated": false,
    "trimmed": false,
    "spriteSourceSize": { "x": 0, "y": 0, "w": 143, "h": 104 },
    "sourceSize": { "w": 143, "h": 104 },
    "duration": 60
   },
   "PlayerFishing 23.aseprite": {
    "frame": { "x": 0, "y": 624, "w": 143, "h": 104 },
    "rotated": false,
    "trimmed": false,
    "spriteSourceSize": { "x": 0, "y": 0, "w": 143, "h": 104 },
    "sourceSize": { "w": 143, "h": 104 },
    "duration": 80
   },
   "PlayerFishing 24.aseprite": {
    "frame": { "x": 143, "y": 624, "w": 143, "h": 104 },
    "rotated": false,
    "trimmed": false,
    "spriteSourceSize": { "x": 0, "y": 0, "w": 143, "h": 104 },
    "sourceSize": { "w": 143, "h": 104 },
    "duration": 80
   },
   "PlayerFishing 25.aseprite": {
    "frame": { "x": 286, "y": 624, "w": 143, "h": 104 },
    "rotated": false,
    "trimmed": false,
    "spriteSourceSize": { "x": 0, "y": 0, "w": 143, "h": 104 },
    "sourceSize": { "w": 143, "h": 104 },
    "duration": 100
   },
   "PlayerFishing 26.aseprite": {
    "frame": { "x": 429, "y": 624, "w": 143, "h": 104 },
    "rotated": false,
    "trimmed": false,
    "spriteSourceSize": { "x": 0, "y": 0, "w": 143, "h": 104 },
    "sourceSize": { "w": 143, "h": 104 },
    "duration": 80
   },
   "PlayerFishing 27.aseprite": {
    "frame": { "x": 572, "y": 624, "w": 143, "h": 104 },
    "rotated": false,
    "trimmed": false,
    "spriteSourceSize": { "x": 0, "y": 0, "w": 143, "h": 104 },
    "sourceSize": { "w": 143, "h": 104 },
    "duration": 80
   },
   "PlayerFishing 28.aseprite": {
    "frame": { "x": 715, "y": 624, "w": 143, "h": 104 },
    "rotated": false,
    "trimmed": false,
    "spriteSourceSize": { "x": 0, "y": 0, "w": 143, "h": 104 },
    "sourceSize": { "w": 143, "h": 104 },
    "duration": 80
   },
   "PlayerFishing 29.aseprite": {
    "frame": { "x": 858, "y": 624, "w": 143, "h": 104 },
    "rotated": false,
    "trimmed": false,
    "spriteSourceSize": { "x": 0, "y": 0, "w": 143, "h": 104 },
    "sourceSize": { "w": 143, "h": 104 },
    "duration": 120
   }
 },
 "meta": {
  "app": "https://www.aseprite.org/",
  "version": "1.3.7-x64",
  "image": "PlayerFishingSheet.png",
  "format": "RGBA8888",
  "size": { "w": 1001, "h": 728 },
  "scale": "1"
 }
}
