{ "frames": {
   "Weapons (Main) 0.aseprite": {
    "frame": { "x": 0, "y": 0, "w": 96, "h": 84 },
    "rotated": false,
    "trimmed": false,
    "spriteSourceSize": { "x": 0, "y": 0, "w": 96, "h": 84 },
    "sourceSize": { "w": 96, "h": 84 },
    "duration": 100
   },
   "Weapons (Main) 1.aseprite": {
    "frame": { "x": 0, "y": 84, "w": 96, "h": 84 },
    "rotated": false,
    "trimmed": false,
    "spriteSourceSize": { "x": 0, "y": 0, "w": 96, "h": 84 },
    "sourceSize": { "w": 96, "h": 84 },
    "duration": 100
   },
   "Weapons (Main) 2.aseprite": {
    "frame": { "x": 96, "y": 84, "w": 96, "h": 84 },
    "rotated": false,
    "trimmed": false,
    "spriteSourceSize": { "x": 0, "y": 0, "w": 96, "h": 84 },
    "sourceSize": { "w": 96, "h": 84 },
    "duration": 100
   },
   "Weapons (Main) 3.aseprite": {
    "frame": { "x": 192, "y": 84, "w": 96, "h": 84 },
    "rotated": false,
    "trimmed": false,
    "spriteSourceSize": { "x": 0, "y": 0, "w": 96, "h": 84 },
    "sourceSize": { "w": 96, "h": 84 },
    "duration": 100
   },
   "Weapons (Main) 4.aseprite": {
    "frame": { "x": 288, "y": 84, "w": 96, "h": 84 },
    "rotated": false,
    "trimmed": false,
    "spriteSourceSize": { "x": 0, "y": 0, "w": 96, "h": 84 },
    "sourceSize": { "w": 96, "h": 84 },
    "duration": 100
   },
   "Weapons (Main) 5.aseprite": {
    "frame": { "x": 384, "y": 84, "w": 96, "h": 84 },
    "rotated": false,
    "trimmed": false,
    "spriteSourceSize": { "x": 0, "y": 0, "w": 96, "h": 84 },
    "sourceSize": { "w": 96, "h": 84 },
    "duration": 100
   },
   "Weapons (Main) 6.aseprite": {
    "frame": { "x": 480, "y": 84, "w": 96, "h": 84 },
    "rotated": false,
    "trimmed": false,
    "spriteSourceSize": { "x": 0, "y": 0, "w": 96, "h": 84 },
    "sourceSize": { "w": 96, "h": 84 },
    "duration": 100
   },
   "Weapons (Main) 7.aseprite": {
    "frame": { "x": 0, "y": 168, "w": 96, "h": 84 },
    "rotated": false,
    "trimmed": false,
    "spriteSourceSize": { "x": 0, "y": 0, "w": 96, "h": 84 },
    "sourceSize": { "w": 96, "h": 84 },
    "duration": 100
   },
   "Weapons (Main) 8.aseprite": {
    "frame": { "x": 96, "y": 168, "w": 96, "h": 84 },
    "rotated": false,
    "trimmed": false,
    "spriteSourceSize": { "x": 0, "y": 0, "w": 96, "h": 84 },
    "sourceSize": { "w": 96, "h": 84 },
    "duration": 100
   },
   "Weapons (Main) 9.aseprite": {
    "frame": { "x": 192, "y": 168, "w": 96, "h": 84 },
    "rotated": false,
    "trimmed": false,
    "spriteSourceSize": { "x": 0, "y": 0, "w": 96, "h": 84 },
    "sourceSize": { "w": 96, "h": 84 },
    "duration": 100
   },
   "Weapons (Main) 10.aseprite": {
    "frame": { "x": 288, "y": 168, "w": 96, "h": 84 },
    "rotated": false,
    "trimmed": false,
    "spriteSourceSize": { "x": 0, "y": 0, "w": 96, "h": 84 },
    "sourceSize": { "w": 96, "h": 84 },
    "duration": 100
   },
   "Weapons (Main) 11.aseprite": {
    "frame": { "x": 0, "y": 252, "w": 96, "h": 84 },
    "rotated": false,
    "trimmed": false,
    "spriteSourceSize": { "x": 0, "y": 0, "w": 96, "h": 84 },
    "sourceSize": { "w": 96, "h": 84 },
    "duration": 100
   },
   "Weapons (Main) 12.aseprite": {
    "frame": { "x": 96, "y": 252, "w": 96, "h": 84 },
    "rotated": false,
    "trimmed": false,
    "spriteSourceSize": { "x": 0, "y": 0, "w": 96, "h": 84 },
    "sourceSize": { "w": 96, "h": 84 },
    "duration": 100
   },
   "Weapons (Main) 13.aseprite": {
    "frame": { "x": 192, "y": 252, "w": 96, "h": 84 },
    "rotated": false,
    "trimmed": false,
    "spriteSourceSize": { "x": 0, "y": 0, "w": 96, "h": 84 },
    "sourceSize": { "w": 96, "h": 84 },
    "duration": 100
   },
   "Weapons (Main) 14.aseprite": {
    "frame": { "x": 288, "y": 252, "w": 96, "h": 84 },
    "rotated": false,
    "trimmed": false,
    "spriteSourceSize": { "x": 0, "y": 0, "w": 96, "h": 84 },
    "sourceSize": { "w": 96, "h": 84 },
    "duration": 100
   },
   "Weapons (Main) 15.aseprite": {
    "frame": { "x": 384, "y": 252, "w": 96, "h": 84 },
    "rotated": false,
    "trimmed": false,
    "spriteSourceSize": { "x": 0, "y": 0, "w": 96, "h": 84 },
    "sourceSize": { "w": 96, "h": 84 },
    "duration": 100
   },
   "Weapons (Main) 16.aseprite": {
    "frame": { "x": 0, "y": 336, "w": 96, "h": 84 },
    "rotated": false,
    "trimmed": false,
    "spriteSourceSize": { "x": 0, "y": 0, "w": 96, "h": 84 },
    "sourceSize": { "w": 96, "h": 84 },
    "duration": 100
   },
   "Weapons (Main) 17.aseprite": {
    "frame": { "x": 96, "y": 336, "w": 96, "h": 84 },
    "rotated": false,
    "trimmed": false,
    "spriteSourceSize": { "x": 0, "y": 0, "w": 96, "h": 84 },
    "sourceSize": { "w": 96, "h": 84 },
    "duration": 100
   },
   "Weapons (Main) 18.aseprite": {
    "frame": { "x": 0, "y": 420, "w": 96, "h": 84 },
    "rotated": false,
    "trimmed": false,
    "spriteSourceSize": { "x": 0, "y": 0, "w": 96, "h": 84 },
    "sourceSize": { "w": 96, "h": 84 },
    "duration": 50
   },
   "Weapons (Main) 19.aseprite": {
    "frame": { "x": 96, "y": 420, "w": 96, "h": 84 },
    "rotated": false,
    "trimmed": false,
    "spriteSourceSize": { "x": 0, "y": 0, "w": 96, "h": 84 },
    "sourceSize": { "w": 96, "h": 84 },
    "duration": 50
   },
   "Weapons (Main) 20.aseprite": {
    "frame": { "x": 192, "y": 420, "w": 96, "h": 84 },
    "rotated": false,
    "trimmed": false,
    "spriteSourceSize": { "x": 0, "y": 0, "w": 96, "h": 84 },
    "sourceSize": { "w": 96, "h": 84 },
    "duration": 50
   },
   "Weapons (Main) 21.aseprite": {
    "frame": { "x": 288, "y": 420, "w": 96, "h": 84 },
    "rotated": false,
    "trimmed": false,
    "spriteSourceSize": { "x": 0, "y": 0, "w": 96, "h": 84 },
    "sourceSize": { "w": 96, "h": 84 },
    "duration": 50
   },
   "Weapons (Main) 22.aseprite": {
    "frame": { "x": 0, "y": 504, "w": 96, "h": 84 },
    "rotated": false,
    "trimmed": false,
    "spriteSourceSize": { "x": 0, "y": 0, "w": 96, "h": 84 },
    "sourceSize": { "w": 96, "h": 84 },
    "duration": 70
   },
   "Weapons (Main) 23.aseprite": {
    "frame": { "x": 96, "y": 504, "w": 96, "h": 84 },
    "rotated": false,
    "trimmed": false,
    "spriteSourceSize": { "x": 0, "y": 0, "w": 96, "h": 84 },
    "sourceSize": { "w": 96, "h": 84 },
    "duration": 70
   },
   "Weapons (Main) 24.aseprite": {
    "frame": { "x": 192, "y": 504, "w": 96, "h": 84 },
    "rotated": false,
    "trimmed": false,
    "spriteSourceSize": { "x": 0, "y": 0, "w": 96, "h": 84 },
    "sourceSize": { "w": 96, "h": 84 },
    "duration": 70
   },
   "Weapons (Main) 25.aseprite": {
    "frame": { "x": 288, "y": 504, "w": 96, "h": 84 },
    "rotated": false,
    "trimmed": false,
    "spriteSourceSize": { "x": 0, "y": 0, "w": 96, "h": 84 },
    "sourceSize": { "w": 96, "h": 84 },
    "duration": 70
   },
   "Weapons (Main) 26.aseprite": {
    "frame": { "x": 0, "y": 588, "w": 96, "h": 84 },
    "rotated": false,
    "trimmed": false,
    "spriteSourceSize": { "x": 0, "y": 0, "w": 96, "h": 84 },
    "sourceSize": { "w": 96, "h": 84 },
    "duration": 50
   },
   "Weapons (Main) 27.aseprite": {
    "frame": { "x": 96, "y": 588, "w": 96, "h": 84 },
    "rotated": false,
    "trimmed": false,
    "spriteSourceSize": { "x": 0, "y": 0, "w": 96, "h": 84 },
    "sourceSize": { "w": 96, "h": 84 },
    "duration": 50
   },
   "Weapons (Main) 28.aseprite": {
    "frame": { "x": 192, "y": 588, "w": 96, "h": 84 },
    "rotated": false,
    "trimmed": false,
    "spriteSourceSize": { "x": 0, "y": 0, "w": 96, "h": 84 },
    "sourceSize": { "w": 96, "h": 84 },
    "duration": 50
   },
   "Weapons (Main) 29.aseprite": {
    "frame": { "x": 288, "y": 588, "w": 96, "h": 84 },
    "rotated": false,
    "trimmed": false,
    "spriteSourceSize": { "x": 0, "y": 0, "w": 96, "h": 84 },
    "sourceSize": { "w": 96, "h": 84 },
    "duration": 50
   },
   "Weapons (Main) 30.aseprite": {
    "frame": { "x": 384, "y": 588, "w": 96, "h": 84 },
    "rotated": false,
    "trimmed": false,
    "spriteSourceSize": { "x": 0, "y": 0, "w": 96, "h": 84 },
    "sourceSize": { "w": 96, "h": 84 },
    "duration": 50
   },
   "Weapons (Main) 31.aseprite": {
    "frame": { "x": 480, "y": 588, "w": 96, "h": 84 },
    "rotated": false,
    "trimmed": false,
    "spriteSourceSize": { "x": 0, "y": 0, "w": 96, "h": 84 },
    "sourceSize": { "w": 96, "h": 84 },
    "duration": 50
   }
 },
 "meta": {
  "app": "https://www.aseprite.org/",
  "version": "1.3.7-x64",
  "image": "WeaponsSheet.png",
  "format": "RGBA8888",
  "size": { "w": 576, "h": 672 },
  "scale": "1"
 }
}
